{"initial_reset_timestamp": 1605976453.1163573, "timestamps": [1605976453.8706322, 1605976454.8872268, 1605976455.7861018, 1605976456.8205433, 1605976457.670219, 1605976458.5256708, 1605976459.304321, 1605976460.3536336, 1605976461.503126, 1605976462.738594], "episode_lengths": [20, 29, 25, 30, 24, 24, 22, 30, 32, 35], "episode_rewards": [20.0, 29.0, 25.0, 30.0, 24.0, 24.0, 22.0, 30.0, 32.0, 35.0], "episode_types": ["t", "t", "t", "t", "t", "t", "t", "t", "t", "t", "t"]}