{"initial_reset_timestamp": 1605981875.9288294, "timestamps": [1605981886.6050358, 1605981903.0404189, 1605981911.9230187, 1605981923.0892947, 1605981933.5083003, 1605981944.8246503, 1605981956.6890407, 1605981966.5895696, 1605981977.5583105, 1605981991.45695], "episode_lengths": [318, 492, 265, 334, 311, 338, 355, 296, 327, 416], "episode_rewards": [318.0, 492.0, 265.0, 334.0, 311.0, 338.0, 355.0, 296.0, 327.0, 416.0], "episode_types": ["t", "t", "t", "t", "t", "t", "t", "t", "t", "t", "t"]}